Block,Treatment,Sample,Upper,Lower,Root Mass,Rhizome Mass,Total Mass,% Dead,Soil Length,Notes,Plot Fertilzer,Belowground Biomass (g/m2),Core Area 3 Cores,Core Area 2 Cores,,,
0,Corn,North 1,0,10,0.55,,0.55,30,30,,180 kg/ha,161.65,0.003402345,0.00226823,,,
0,Corn,North 1,10,30,0.09,,0.09,5,60,,180 kg/ha,26.45,,,,,
0,Corn,North 1,30,50,0.03,,0.03,10,60,,180 kg/ha,8.82,,,,,
0,Corn,North 1,50,100,0.09,,0.09,5,150,,180 kg/ha,26.45,,,,,
0,Corn,North 1,100,+,0.01,,0.01,20,77,,180 kg/ha,2.94,,,,,
0,Corn,North 2,0,10,0.39,,0.39,7,30,,180 kg/ha,114.63,,,,,
0,Corn,North 2,10,30,0.32,,0.32,2,60,,180 kg/ha,94.05,,,,,
0,Corn,North 2,30,50,0.11,,0.11,<1,60,,180 kg/ha,32.33,,,,,
0,Corn,North 2,50,100,0.18,,0.18,1,150,,180 kg/ha,52.90,,,,,
0,Corn,North 2,100,+,0.03,,0.03,1,106,,180 kg/ha,8.82,,,,,
0,Corn,South 1,0,10,0.03,,0.03,20,30,,180 kg/ha,8.82,,,,,
0,Corn,South 1,10,30,0.08,,0.08,5,60,,180 kg/ha,23.51,,,,,
0,Corn,South 1,30,50,0.9,,0.9,5,60,,180 kg/ha,264.52,,,,,
0,Corn,South 1,50,100,0.2,,0.2,1,150,,180 kg/ha,58.78,,,,,
0,Corn,South 1,100,+,0.05,,0.05,5,139,,180 kg/ha,14.70,,,,,
0,Corn,South 2,0,10,0.47,,0.47,3,30,,180 kg/ha,138.14,,,,,
0,Corn,South 2,10,30,0.41,,0.41,<1,60,,180 kg/ha,120.51,,,,,
0,Corn,South 2,30,50,0.11,,0.11,<1,60,,180 kg/ha,32.33,,,,,
0,Corn,South 2,50,100,0.26,,0.26,1,150,,180 kg/ha,76.42,,,,,
0,Corn,South 2,100,+,0.05,,0.05,<1,139,,180 kg/ha,14.70,,,,,
0,Corn,East 1,0,10,0.78,,0.78,25,30,,180 kg/ha,229.25,,,,,
0,Corn,East 1,10,30,0.11,,0.11,1,60,,180 kg/ha,32.33,,,,,
0,Corn,East 1,30,50,0.09,,0.09,<1,60,,180 kg/ha,26.45,,,,,
0,Corn,East 1,50,100,0.23,,0.23,10,150,,180 kg/ha,67.60,,,,,
0,Corn,East 1,100,+,0.04,,0.04,10,96,,180 kg/ha,11.76,,,,,
0,Corn,East 2,0,10,0.09,,0.09,10,20,Only 2 Cores Taken,180 kg/ha,39.68,,,,,
0,Corn,East 2,10,30,0.1,,0.1,<1,40,Only 2 Cores Taken,180 kg/ha,44.09,,,,,
0,Corn,East 2,30,50,0.09,,0.09,<1,40,Only 2 Cores Taken,180 kg/ha,39.68,,,,,
0,Corn,East 2,50,100,0.13,,0.13,5,100,Only 2 Cores Taken,180 kg/ha,57.31,,,,,
0,Corn,East 2,100,+,0.06,,0.06,<1,79,Only 2 Cores Taken,180 kg/ha,26.45,,,,,
0,Corn,West,0,10,0.58,,0.58,15,30,,180 kg/ha,170.47,,,,,
0,Corn,West,10,30,0.22,,0.22,1,60,,180 kg/ha,64.66,,,,,
0,Corn,West,30,50,0.08,,0.08,1,60,,180 kg/ha,23.51,,,,,
0,Corn,West,50,100,0.23,,0.23,2,150,,180 kg/ha,67.60,,,,,
0,Corn,West,100,+,0.01,,0.01,1,76,,180 kg/ha,2.94,,,,,
0,Corn,West 2,0,10,0.12,,0.12,2,30,,180 kg/ha,35.27,,,,,
0,Corn,West 2,10,30,0.07,,0.07,<1,60,,180 kg/ha,20.57,,,,,
0,Corn,West 2,30,50,0.07,,0.07,<1,60,,180 kg/ha,20.57,,,,,
0,Corn,West 2,50,100,0.11,,0.11,<1,137,,180 kg/ha,32.33,,,,,
0,Corn,West 2,100,+,0.05,,0.05,<1,58,,180 kg/ha,14.70,,,,,
1,Corn,North,0,10,0.7,,0.7,1,30,,180 kg/ha,205.74,,,,,
1,Corn,North,10,30,0.24,,0.24,3,60,,180 kg/ha,70.54,,,,,
1,Corn,North,30,50,0.08,,0.08,<1,60,,180 kg/ha,23.51,,,,,
1,Corn,North,50,100,0.1,,0.1,1,150,,180 kg/ha,29.39,,,,,
1,Corn,North,100,+,0.02,,0.02,10,108,,180 kg/ha,5.88,,,,,
1,Corn,South,0,10,0.07,,0.07,3,30,,180 kg/ha,20.57,,,,,
1,Corn,South,10,30,0.12,,0.12,5,60,,180 kg/ha,35.27,,,,,
1,Corn,South,30,50,0.05,,0.05,<1,60,,180 kg/ha,14.70,,,,,
1,Corn,South,50,100,0.12,,0.12,15,150,,180 kg/ha,35.27,,,,,
1,Corn,South,100,+,<0.01,,0.005,<1,117,,180 kg/ha,1.47,,,,,
1,Corn,East,0,10,0.03,,0.03,50,30,,180 kg/ha,8.82,,,,,
1,Corn,East,10,30,0.11,,0.11,2,60,,180 kg/ha,32.33,,,,,
1,Corn,East,30,50,0.07,,0.07,1,60,,180 kg/ha,20.57,,,,,
1,Corn,East,50,100,0.25,,0.25,10,150,,180 kg/ha,73.48,,,,,
1,Corn,East,100,+,0.04,,0.04,10,122,,180 kg/ha,11.76,,,,,
1,Corn,West,0,10,0.08,,0.08,5,30,,180 kg/ha,23.51,,,,,
1,Corn,West,10,30,0.17,,0.17,3,60,,180 kg/ha,49.97,,,,,
1,Corn,West,30,50,0.07,,0.07,<1,60,,180 kg/ha,20.57,,,,,
1,Corn,West,50,100,0.04,,0.04,<1,150,,180 kg/ha,11.76,,,,,
1,Corn,West,100,+,0.03,,0.03,10,120,,180 kg/ha,8.82,,,,,
2,Corn,North,0,10,0.02,,0.02,5,30,,180 kg/ha,5.88,,,,,
2,Corn,North,10,30,0.07,,0.07,5,60,,180 kg/ha,20.57,,,,,
2,Corn,North,30,50,0.08,,0.08,10,60,,180 kg/ha,23.51,,,,,
2,Corn,North,50,100,0.1,,0.1,<1,117,,180 kg/ha,29.39,,,,,
2,Corn,North,100,+,0,,0,0,0,No core below 1 meter,180 kg/ha,NA,,,,,
2,Corn,South,0,10,0.04,,0.04,25,30,,180 kg/ha,11.76,,,,,
2,Corn,South,10,30,0.09,,0.09,10,60,,180 kg/ha,26.45,,,,,
2,Corn,South,30,50,0.04,,0.04,<1,60,,180 kg/ha,11.76,,,,,
2,Corn,South,50,100,0.03,,0.03,5,150,,180 kg/ha,8.82,,,,,
2,Corn,South,100,+,0.01,,0.01,<1,63,,180 kg/ha,2.94,,,,,
2,Corn,East,0,10,0.18,,0.18,10,30,,180 kg/ha,52.90,,,,,
2,Corn,East,10,30,0.22,,0.22,3,60,,180 kg/ha,64.66,,,,,
2,Corn,East,30,50,0.11,,0.11,1,60,,180 kg/ha,32.33,,,,,
2,Corn,East,50,100,0.06,,0.06,5,150,,180 kg/ha,17.63,,,,,
2,Corn,East,100,+,0.04,,0.04,10,79,,180 kg/ha,11.76,,,,,
2,Corn,West,0,10,0.04,,0.04,5,30,,180 kg/ha,11.76,,,,,
2,Corn,West,10,30,0.04,,0.04,4,60,,180 kg/ha,11.76,,,,,
2,Corn,West,30,50,0.1,,0.1,5,60,,180 kg/ha,29.39,,,,,
2,Corn,West,50,100,0.11,,0.11,10,150,,180 kg/ha,32.33,,,,,
2,Corn,West,100,+,0.01,,0.01,1,86,,180 kg/ha,2.94,,,,,
3,Corn,North,0,10,0.03,,0.03,33,30,,180 kg/ha,8.82,,,,,
3,Corn,North,10,30,0.06,,0.06,5,60,,180 kg/ha,17.63,,,,,
3,Corn,North,30,50,0.1,,0.1,<1,60,,180 kg/ha,29.39,,,,,
3,Corn,North,50,100,0.04,,0.04,<1,150,,180 kg/ha,11.76,,,,,
3,Corn,North,100,+,<0.01,,0.005,5,124,,180 kg/ha,1.47,,,,,
3,Corn,South,0,10,0.44,,0.44,15,30,,180 kg/ha,129.32,,,,,
3,Corn,South,10,30,0.18,,0.18,4,60,,180 kg/ha,52.90,,,,,
3,Corn,South,30,50,0.06,,0.06,1,60,,180 kg/ha,17.63,,,,,
3,Corn,South,50,100,0.21,,0.21,1,150,,180 kg/ha,61.72,,,,,
3,Corn,South,100,+,<0.01,,0.005,<1,67,,180 kg/ha,1.47,,,,,
3,Corn,East,0,10,0.08,,0.08,3,30,,180 kg/ha,23.51,,,,,
3,Corn,East,10,30,0.21,,0.21,1,60,,180 kg/ha,61.72,,,,,
3,Corn,East,30,50,0.06,,0.06,20,60,,180 kg/ha,17.63,,,,,
3,Corn,East,50,100,0.01,,0.01,20,142,,180 kg/ha,2.94,,,,,
3,Corn,East,100,+,0.01,,0.01,<1,40,,180 kg/ha,2.94,,,,,
3,Corn,West,0,10,0.32,,0.32,5,30,,180 kg/ha,94.05,,,,,
3,Corn,West,10,30,0.09,,0.09,20,60,,180 kg/ha,26.45,,,,,
3,Corn,West,30,50,0.1,,0.1,<1,60,,180 kg/ha,29.39,,,,,
3,Corn,West,50,100,0.16,,0.16,50,150,,180 kg/ha,47.03,,,,,
3,Corn,West,100,+,0.01,,0.01,<1,77,,180 kg/ha,2.94,,,,,
4,Corn,North,0,10,0.51,,0.51,3,30,,180 kg/ha,149.90,,,,,
4,Corn,North,10,30,0.37,,0.37,5,60,,180 kg/ha,108.75,,,,,
4,Corn,North,30,50,0.15,,0.15,<1,60,,180 kg/ha,44.09,,,,,
4,Corn,North,50,100,0.2,,0.2,2,150,,180 kg/ha,58.78,,,,,
4,Corn,North,100,+,0.01,,0.01,<1,71,,180 kg/ha,2.94,,,,,
4,Corn,South,0,10,0.03,,0.03,3,30,,180 kg/ha,8.82,,,,,
4,Corn,South,10,30,0.1,,0.1,10,60,,180 kg/ha,29.39,,,,,
4,Corn,South,30,50,0.07,,0.07,<1,60,,180 kg/ha,20.57,,,,,
4,Corn,South,50,100,0.08,,0.08,<1,150,,180 kg/ha,23.51,,,,,
4,Corn,South,100,+,0.02,,0.02,2,119,,180 kg/ha,5.88,,,,,
4,Corn,East,0,10,0.52,,0.52,5,30,,180 kg/ha,152.84,,,,,
4,Corn,East,10,30,0.22,,0.22,4,60,,180 kg/ha,64.66,,,,,
4,Corn,East,30,50,0.04,,0.04,1,60,,180 kg/ha,11.76,,,,,
4,Corn,East,50,100,0.06,,0.06,75,139,,180 kg/ha,17.63,,,,,
4,Corn,East,100,+,0.02,,0.02,5,91,,180 kg/ha,5.88,,,,,
4,Corn,West,0,10,0.06,,0.06,10,30,,180 kg/ha,17.63,,,,,
4,Corn,West,10,30,0.13,,0.13,2,60,,180 kg/ha,38.21,,,,,
4,Corn,West,30,50,0.03,,0.03,5,60,,180 kg/ha,8.82,,,,,
4,Corn,West,50,100,0.19,,0.19,1,150,,180 kg/ha,55.84,,,,,
4,Corn,West,100,+,0.06,,0.06,<1,136,,180 kg/ha,17.63,,,,,
0,Miscanthus,North 1,0,10,1.83,,1.83,15,30,,56 kg/ha,537.86,,,,,
0,Miscanthus,North 1,10,30,1.75,,1.75,<1,60,,56 kg/ha,514.35,,,,,
0,Miscanthus,North 1,30,50,0.78,,0.78,1,60,,56 kg/ha,229.25,,,,,
0,Miscanthus,North 1,50,100,0.61,,0.61,<1,150,,56 kg/ha,179.29,,,,,
0,Miscanthus,North 1,100,+,0.19,,0.19,1,82.5,,56 kg/ha,55.84,,,,,
0,Miscanthus,North 2,0,10,1.61,5.65,7.26,5,30,,56 kg/ha,2133.82,,,,,
0,Miscanthus,North 2,10,30,1.48,,1.48,5,60,,56 kg/ha,434.99,,,,,
0,Miscanthus,North 2,30,50,0.49,,0.49,5,60,,56 kg/ha,144.02,,,,,
0,Miscanthus,North 2,50,100,0.83,,0.83,2,150,,56 kg/ha,243.95,,,,,
0,Miscanthus,North 2,100,+,0.44,,0.44,1,89.5,,56 kg/ha,129.32,,,,,
0,Miscanthus,South 1,0,10,3.7,7.58,11.28,15,30,,56 kg/ha,3315.36,,,,,
0,Miscanthus,South 1,10,30,2.09,,2.09,15,60,,56 kg/ha,614.28,,,,,
0,Miscanthus,South 1,30,50,0.85,,0.85,10,60,,56 kg/ha,249.83,,,,,
0,Miscanthus,South 1,50,100,0.76,,0.76,5,150,,56 kg/ha,223.38,,,,,
0,Miscanthus,South 1,100,+,0.26,,0.26,<1,81.5,,56 kg/ha,76.42,,,,,
0,Miscanthus,South 2,0,10,1.4,3.93,5.33,5,30,,56 kg/ha,1566.57,,,,,
0,Miscanthus,South 2,10,30,1.28,,1.28,10,60,,56 kg/ha,376.21,,,,,
0,Miscanthus,South 2,30,50,0.49,,0.49,5,60,,56 kg/ha,144.02,,,,,
0,Miscanthus,South 2,50,100,1.21,,1.21,3,150,,56 kg/ha,355.64,,,,,
0,Miscanthus,South 2,100,+,0.89,,0.89,1,127.5,,56 kg/ha,261.58,,,,,
0,Miscanthus,East 1,0,10,1.54,6.43,7.97,1,30,,56 kg/ha,2342.50,,,,,
0,Miscanthus,East 1,10,30,1.32,0.43,1.75,<1,60,,56 kg/ha,514.35,,,,,
0,Miscanthus,East 1,30,50,0.81,,0.81,1,60,,56 kg/ha,238.07,,,,,
0,Miscanthus,East 1,50,100,1.87,,1.87,1,150,,56 kg/ha,549.62,,,,,
0,Miscanthus,East 1,100,+,0.29,,0.29,1,39,,56 kg/ha,85.24,,,,,
0,Miscanthus,East 2,0,10,4.38,5.47,9.85,10,30,,56 kg/ha,2895.06,,,,,
0,Miscanthus,East 2,10,30,1.54,,1.54,15,60,,56 kg/ha,452.63,,,,,
0,Miscanthus,East 2,30,50,0.71,,0.71,5,60,,56 kg/ha,208.68,,,,,
0,Miscanthus,East 2,50,100,1.28,,1.28,10,150,,56 kg/ha,376.21,,,,,
0,Miscanthus,East 2,100,+,0.83,,0.83,33,105,,56 kg/ha,243.95,,,,,
0,Miscanthus,West 1,0,10,1.84,,1.84,20,30,,56 kg/ha,540.80,,,,,
0,Miscanthus,West 1,10,30,1.24,,1.24,1,60,,56 kg/ha,364.45,,,,,
0,Miscanthus,West 1,30,50,0.8,,0.8,5,60,,56 kg/ha,235.13,,,,,
0,Miscanthus,West 1,50,100,0.79,,0.79,1,150,,56 kg/ha,232.19,,,,,
0,Miscanthus,West 1,100,+,0.48,,0.48,3,77,,56 kg/ha,141.08,,,,,
0,Miscanthus,West 2,0,10,3.21,1.79,5,15,30,,56 kg/ha,1469.57,,,,,
0,Miscanthus,West 2,10,30,2.25,,2.25,15,60,,56 kg/ha,661.31,,,,,
0,Miscanthus,West 2,30,50,0.94,,0.94,15,60,,56 kg/ha,276.28,,,,,
0,Miscanthus,West 2,50,100,1.32,,1.32,4,111.5,,56 kg/ha,387.97,,,,,
0,Miscanthus,West 2,100,+,0,,0,0,0,No core below 1 meter,56 kg/ha,NA,,,,,
1,Miscanthus,North,0,10,2.55,11.2,13.75,10,30,,56 kg/ha,4041.33,,,,,
1,Miscanthus,North,10,30,1.86,1.41,3.27,20,60,,56 kg/ha,961.10,,,,,
1,Miscanthus,North,30,50,0.92,,0.92,10,60,,56 kg/ha,270.40,,,,,
1,Miscanthus,North,50,100,1.25,,1.25,10,140,,56 kg/ha,367.39,,,,,
1,Miscanthus,North,100,+,0.34,,0.34,5,51,,56 kg/ha,99.93,,,,,
1,Miscanthus,South,0,10,1.68,2.08,3.76,10,30,,None,1105.12,,,,,
1,Miscanthus,South,10,30,1.8,0.99,2.79,15,60,,None,820.02,,,,,
1,Miscanthus,South,30,50,0.46,,0.46,<1,60,,None,135.20,,,,,
1,Miscanthus,South,50,100,1.38,,1.38,2,150,,None,405.60,,,,,
1,Miscanthus,South,100,+,0.64,,0.64,1,56,,None,188.11,,,,,
1,Miscanthus,East,0,10,1.06,,1.06,<1,30,,None,311.55,,,,,
1,Miscanthus,East,10,30,1.62,,1.62,15,60,,None,476.14,,,,,
1,Miscanthus,East,30,50,1.05,,1.05,5,60,,None,308.61,,,,,
1,Miscanthus,East,50,100,0.74,,0.74,10,150,,None,217.50,,,,,
1,Miscanthus,East,100,+,0.64,,0.64,5,111,,None,188.11,,,,,
1,Miscanthus,West,0,10,1.14,,1.14,5,30,,56 kg/ha,335.06,,,,,
1,Miscanthus,West,10,30,1,,1,<1,60,,56 kg/ha,293.91,,,,,
1,Miscanthus,West,30,50,0.49,,0.49,5,60,,56 kg/ha,144.02,,,,,
1,Miscanthus,West,50,100,0.74,,0.74,1,150,,56 kg/ha,217.50,,,,,
1,Miscanthus,West,100,+,0.23,,0.23,2,103.5,,56 kg/ha,67.60,,,,,
2,Miscanthus,North,0,10,2.15,1.36,3.51,5,30,,None,1031.64,,,,,
2,Miscanthus,North,10,30,1.22,,1.22,15,60,,None,358.58,,,,,
2,Miscanthus,North,30,50,0.63,,0.63,3,60,,None,185.17,,,,,
2,Miscanthus,North,50,100,0.58,,0.58,4,150,,None,170.47,,,,,
2,Miscanthus,North,100,+,0.45,,0.45,15,80,,None,132.26,,,,,
2,Miscanthus,South,0,10,2.22,1.69,3.91,10,30,,56 kg/ha,1149.21,,,,,
2,Miscanthus,South,10,30,1.73,,1.73,5,60,,56 kg/ha,508.47,,,,,
2,Miscanthus,South,30,50,0.78,,0.78,1,60,,56 kg/ha,229.25,,,,,
2,Miscanthus,South,50,100,0.87,,0.87,1,150,,56 kg/ha,255.71,,,,,
2,Miscanthus,South,100,+,0.24,,0.24,2,81,,56 kg/ha,70.54,,,,,
2,Miscanthus,East,0,10,2.42,0.97,3.39,15,30,,56 kg/ha,996.37,,,,,
2,Miscanthus,East,10,30,1.1,,1.1,10,60,,56 kg/ha,323.31,,,,,
2,Miscanthus,East,30,50,0.41,,0.41,15,60,,56 kg/ha,120.51,,,,,
2,Miscanthus,East,50,100,0.54,,0.54,1,140,,56 kg/ha,158.71,,,,,
2,Miscanthus,East,100,+,0.03,,0.03,1,15,,56 kg/ha,8.82,,,,,
2,Miscanthus,West,0,10,1.64,,1.64,15,30,,None,482.02,,,,,
2,Miscanthus,West,10,30,0.49,,0.49,5,60,,None,144.02,,,,,
2,Miscanthus,West,30,50,0.57,,0.57,2,60,,None,167.53,,,,,
2,Miscanthus,West,50,100,1.98,,1.98,1,150,,None,581.95,,,,,
2,Miscanthus,West,100,+,0.35,,0.35,5,94,,None,102.87,,,,,
3,Miscanthus,North,0,10,2.71,,2.71,15,30,,None,796.51,,,,,
3,Miscanthus,North,10,30,1.92,,1.92,10,60,,None,564.32,,,,,
3,Miscanthus,North,30,50,0.8,,0.8,2,60,,None,235.13,,,,,
3,Miscanthus,North,50,100,0.99,,0.99,2,127.5,,None,290.98,,,,,
3,Miscanthus,North,100,+,0.56,,0.56,5,50,,None,164.59,,,,,
3,Miscanthus,South,0,10,1.76,5.42,7.18,20,30,,56 kg/ha,2110.31,,,,,
3,Miscanthus,South,10,30,2.37,,2.37,20,60,,56 kg/ha,696.58,,,,,
3,Miscanthus,South,30,50,0.78,,0.78,2,60,,56 kg/ha,229.25,,,,,
3,Miscanthus,South,50,100,0.68,,0.68,5,150,,56 kg/ha,199.86,,,,,
3,Miscanthus,South,100,+,0.25,,0.25,1,24.5,,56 kg/ha,73.48,,,,,
3,Miscanthus,East,0,10,2.37,0.75,3.12,10,30,,None,917.01,,,,,
3,Miscanthus,East,10,30,1.5,,1.5,25,60,,None,440.87,,,,,
3,Miscanthus,East,30,50,0.93,,0.93,5,60,,None,273.34,,,,,
3,Miscanthus,East,50,100,1.18,,1.18,2,145,,None,346.82,,,,,
3,Miscanthus,East,100,+,0.25,,0.25,5,50,,None,73.48,,,,,
3,Miscanthus,West,0,10,3.07,18.83,21.9,10,30,,56 kg/ha,6436.74,,,,,
3,Miscanthus,West,10,30,1.42,,1.42,10,60,,56 kg/ha,417.36,,,,,
3,Miscanthus,West,30,50,0.47,,0.47,1,60,,56 kg/ha,138.14,,,,,
3,Miscanthus,West,50,100,0.57,,0.57,50,150,,56 kg/ha,167.53,,,,,
3,Miscanthus,West,100,+,0.51,,0.51,5,71,,56 kg/ha,149.90,,,,,
4,Miscanthus,North,0,10,1.78,6.59,8.37,3,30,,None,2460.07,,,,,
4,Miscanthus,North,10,30,1.21,,1.21,20,60,,None,355.64,,,,,
4,Miscanthus,North,30,50,0.41,,0.41,1,60,,None,120.51,,,,,
4,Miscanthus,North,50,100,0.97,,0.97,1,150,,None,285.10,,,,,
4,Miscanthus,North,100,+,0.51,,0.51,15,111,,None,149.90,,,,,
4,Miscanthus,South,0,10,2.16,6.14,8.3,20,30,,56 kg/ha,2439.49,,,,,
4,Miscanthus,South,10,30,1.92,,1.92,10,60,,56 kg/ha,564.32,,,,,
4,Miscanthus,South,30,50,0.54,,0.54,<1,60,,56 kg/ha,158.71,,,,,
4,Miscanthus,South,50,100,0.73,,0.73,1,150,,56 kg/ha,214.56,,,,,
4,Miscanthus,South,100,+,0.16,,0.16,1,118,,56 kg/ha,47.03,,,,,
4,Miscanthus,East,0,10,3.13,2.94,6.07,20,30,,None,1784.06,,,,,
4,Miscanthus,East,10,30,2.06,1.15,3.21,15,60,,None,943.47,,,,,
4,Miscanthus,East,30,50,0.67,,0.67,2,60,,None,196.92,,,,,
4,Miscanthus,East,50,100,1.09,,1.09,10,132,,None,320.37,,,,,
4,Miscanthus,East,100,+,0.33,,0.33,15,28,,None,96.99,,,,,
4,Miscanthus,West,0,10,2.84,,2.84,20,30,,56 kg/ha,834.72,,,,,
4,Miscanthus,West,10,30,1.56,,1.56,15,60,,56 kg/ha,458.51,,,,,
4,Miscanthus,West,30,50,0.56,,0.56,3,60,,56 kg/ha,164.59,,,,,
4,Miscanthus,West,50,100,0.73,,0.73,5,150,,56 kg/ha,214.56,,,,,
4,Miscanthus,West,100,+,0.64,,0.64,5,109,,56 kg/ha,188.11,,,,,
0,Switchgrass,North 1,0,10,2.95,6.01,8.96,4,30,,56 kg/ha,2633.48,,,,,
0,Switchgrass,North 1,10,30,0.66,,0.66,<1,60,,56 kg/ha,193.98,,,,,
0,Switchgrass,North 1,30,50,0.12,,0.12,5,60,,56 kg/ha,35.27,,,,,
0,Switchgrass,North 1,50,100,0.41,,0.41,<1,150,,56 kg/ha,120.51,,,,,
0,Switchgrass,North 1,100,+,0.33,,0.33,5,122,,56 kg/ha,96.99,,,,,
0,Switchgrass,North 2,0,10,1.3,0.85,2.15,<1,30,,56 kg/ha,631.92,,,,,
0,Switchgrass,North 2,10,30,1.32,,1.32,<1,60,,56 kg/ha,387.97,,,,,
0,Switchgrass,North 2,30,50,0.61,,0.61,,60,,56 kg/ha,179.29,,,,,
0,Switchgrass,North 2,50,100,0.97,,0.97,5,134,,56 kg/ha,285.10,,,,,
0,Switchgrass,North 2,100,+,0.13,,0.13,<1,77,,56 kg/ha,38.21,,,,,
0,Switchgrass,South,0,10,4.22,3.28,7.5,8,30,,56 kg/ha,2204.36,,,,,
0,Switchgrass,South,10,30,1.91,,1.91,2,60,,56 kg/ha,561.38,,,,,
0,Switchgrass,South,30,50,0.5,,0.5,1,60,,56 kg/ha,146.96,,,,,
0,Switchgrass,South,50,100,0.91,,0.91,<1,150,,56 kg/ha,267.46,,,,,
0,Switchgrass,South,100,+,0.43,,0.43,10,101,,56 kg/ha,126.38,,,,,
0,Switchgrass,South 2,0,10,6.01,8.41,14.42,10,30,,56 kg/ha,4238.25,,,,,
0,Switchgrass,South 2,10,30,1.34,,1.34,6,60,,56 kg/ha,393.85,,,,,
0,Switchgrass,South 2,30,50,0.56,,0.56,<1,60,,56 kg/ha,164.59,,,,,
0,Switchgrass,South 2,50,100,1.53,,1.53,<1,150,,56 kg/ha,449.69,,,,,
0,Switchgrass,South 2,100,+,0.82,,0.82,1,132,,56 kg/ha,241.01,,,,,
0,Switchgrass,East 1,0,10,3.24,7.53,10.77,1,30,,56 kg/ha,3165.46,,,,,
0,Switchgrass,East 1,10,30,1.91,,1.91,5,60,,56 kg/ha,561.38,,,,,
0,Switchgrass,East 1,30,50,0.3,,0.3,2,60,,56 kg/ha,88.17,,,,,
0,Switchgrass,East 1,50,100,0.7,,0.7,1,150,,56 kg/ha,205.74,,,,,
0,Switchgrass,East 1,100,+,0.32,,0.32,<1,90,,56 kg/ha,94.05,,,,,
0,Switchgrass,East 2,0,10,0.64,0.25,0.89,1,30,,56 kg/ha,261.58,,,,,
0,Switchgrass,East 2,10,30,0.92,,0.92,1,60,,56 kg/ha,270.40,,,,,
0,Switchgrass,East 2,30,50,0.59,,0.59,<1,60,,56 kg/ha,173.41,,,,,
0,Switchgrass,East 2,50,100,0.78,,0.78,1,150,,56 kg/ha,229.25,,,,,
0,Switchgrass,East 2,100,+,0.54,,0.54,<1,133,,56 kg/ha,158.71,,,,,
0,Switchgrass,West 1,0,10,1.79,5.31,7.1,,30,,56 kg/ha,2086.80,,,,,
0,Switchgrass,West 1,10,30,0.83,,0.83,<1,60,,56 kg/ha,243.95,,,,,
0,Switchgrass,West 1,30,50,0.54,,0.54,1,60,,56 kg/ha,158.71,,,,,
0,Switchgrass,West 1,50,100,0.93,,0.93,<1,150,,56 kg/ha,273.34,,,,,
0,Switchgrass,West 1,100,+,0.46,,0.46,<1,102,,56 kg/ha,135.20,,,,,
0,Switchgrass,West 2,0,10,1.89,0,1.89,5,30,,56 kg/ha,555.50,,,,,
0,Switchgrass,West 2,10,30,1.23,,1.23,2,60,,56 kg/ha,361.52,,,,,
0,Switchgrass,West 2,30,50,0.22,,0.22,<1,60,,56 kg/ha,64.66,,,,,
0,Switchgrass,West 2,50,100,0.88,,0.88,<1,150,,56 kg/ha,258.65,,,,,
0,Switchgrass,West 2,100,+,0.28,,0.28,5,133,,56 kg/ha,82.30,,,,,
1,Switchgrass,North,0,10,4.64,5.83,10.47,5,30,,56 kg/ha,3077.29,,,,,
1,Switchgrass,North,10,30,0.77,,0.77,<1,60,,56 kg/ha,226.31,,,,,
1,Switchgrass,North,30,50,0.41,,0.41,1,60,,56 kg/ha,120.51,,,,,
1,Switchgrass,North,50,100,0.74,,0.74,5,150,,56 kg/ha,217.50,,,,,
1,Switchgrass,North,100,+,0.06,,0.06,<1,52,,56 kg/ha,17.63,,,,,
1,Switchgrass,South,0,10,1.96,2.01,3.97,<1,30,,56 kg/ha,1166.84,,,,,
1,Switchgrass,South,10,30,0.86,,0.86,<1,60,,56 kg/ha,252.77,,,,,
1,Switchgrass,South,30,50,0.42,,0.42,<1,60,,56 kg/ha,123.44,,,,,
1,Switchgrass,South,50,100,0.63,,0.63,5,150,,56 kg/ha,185.17,,,,,
1,Switchgrass,South,100,+,0.12,,0.12,<1,44.5,,56 kg/ha,35.27,,,,,
1,Switchgrass,East,0,10,2.4,3.43,5.83,15,30,,56 kg/ha,1713.52,,,,,
1,Switchgrass,East,10,30,1.84,,1.84,1,60,,56 kg/ha,540.80,,,,,
1,Switchgrass,East,30,50,0.64,,0.64,<1,60,,56 kg/ha,188.11,,,,,
1,Switchgrass,East,50,100,1.16,,1.16,1,150,,56 kg/ha,340.94,,,,,
1,Switchgrass,East,100,+,0.27,,0.27,<1,78,,56 kg/ha,79.36,,,,,
1,Switchgrass,West,0,10,1.87,0.47,2.34,9,30,,56 kg/ha,687.76,,,,,
1,Switchgrass,West,10,30,0.97,,0.97,5,60,,56 kg/ha,285.10,,,,,
1,Switchgrass,West,30,50,0.59,,0.59,5,60,,56 kg/ha,173.41,,,,,
1,Switchgrass,West,50,100,1.15,,1.15,<1,150,,56 kg/ha,338.00,,,,,
1,Switchgrass,West,100,+,0.15,,0.15,<1,102,,56 kg/ha,44.09,,,,,
2,Switchgrass,North,0,10,2.59,5.1,7.69,7,30,,56 kg/ha,2260.21,,,,,
2,Switchgrass,North,10,30,1.59,,1.59,3,60,,56 kg/ha,467.32,,,,,
2,Switchgrass,North,30,50,0.5,,0.5,<1,60,,56 kg/ha,146.96,,,,,
2,Switchgrass,North,50,100,0.7,,0.7,10,150,,56 kg/ha,205.74,,,,,
2,Switchgrass,North,100,+,0.11,,0.11,<1,72,,56 kg/ha,32.33,,,,,
2,Switchgrass,South,0,10,2.51,2.66,5.17,10,30,,56 kg/ha,1519.54,,,,,
2,Switchgrass,South,10,30,1.47,,1.47,1,60,,56 kg/ha,432.05,,,,,
2,Switchgrass,South,30,50,0.63,,0.63,<1,60,,56 kg/ha,185.17,,,,,
2,Switchgrass,South,50,100,0.91,,0.91,<1,125,,56 kg/ha,267.46,,,,,
2,Switchgrass,South,100,+,0.08,,0.08,<1,12,,56 kg/ha,23.51,,,,,
2,Switchgrass,East,0,10,2.65,2.43,5.08,8,30,,56 kg/ha,1493.09,,,,,
2,Switchgrass,East,10,30,1.13,,1.13,5,60,,56 kg/ha,332.12,,,,,
2,Switchgrass,East,30,50,0.49,,0.49,<1,60,,56 kg/ha,144.02,,,,,
2,Switchgrass,East,50,100,0.57,,0.57,<1,150,,56 kg/ha,167.53,,,,,
2,Switchgrass,East,100,+,0.06,,0.06,<1,101,,56 kg/ha,17.63,,,,,
2,Switchgrass,West,0,10,2.37,3.05,5.42,10,30,,56 kg/ha,1593.02,,,,,
2,Switchgrass,West,10,30,1.12,,1.12,3,60,,56 kg/ha,329.18,,,,,
2,Switchgrass,West,30,50,0.32,,0.32,1,60,,56 kg/ha,94.05,,,,,
2,Switchgrass,West,50,100,0.35,,0.35,5,150,,56 kg/ha,102.87,,,,,
2,Switchgrass,West,100,+,0.47,,0.47,<1,136,,56 kg/ha,138.14,,,,,
3,Switchgrass,North,0,10,1.28,0,1.28,10,30,,56 kg/ha,376.21,,,,,
3,Switchgrass,North,10,30,0.98,,0.98,1,60,,56 kg/ha,288.04,,,,,
3,Switchgrass,North,30,50,0.61,,0.61,<1,60,,56 kg/ha,179.29,,,,,
3,Switchgrass,North,50,100,0.81,,0.81,1,135,,56 kg/ha,238.07,,,,,
3,Switchgrass,North,100,+,0.15,,0.15,<1,78,,56 kg/ha,44.09,,,,,
3,Switchgrass,South,0,10,0.39,0,0.39,5,30,,56 kg/ha,114.63,,,,,
3,Switchgrass,South,10,30,0.45,,0.45,5,60,,56 kg/ha,132.26,,,,,
3,Switchgrass,South,30,50,0.52,,0.52,1,60,,56 kg/ha,152.84,,,,,
3,Switchgrass,South,50,100,0.58,,0.58,<1,150,,56 kg/ha,170.47,,,,,
3,Switchgrass,South,100,+,0.08,,0.08,<1,33.5,,56 kg/ha,23.51,,,,,
3,Switchgrass,East,0,10,3.36,3.59,6.95,3,30,,56 kg/ha,2042.71,,,,,
3,Switchgrass,East,10,30,1.32,,1.32,<1,60,,56 kg/ha,387.97,,,,,
3,Switchgrass,East,30,50,0.62,,0.62,<1,60,,56 kg/ha,182.23,,,,,
3,Switchgrass,East,50,100,2.11,,2.11,1,150,,56 kg/ha,620.16,,,,,
3,Switchgrass,East,100,+,0.22,,0.22,1,98,,56 kg/ha,64.66,,,,,
3,Switchgrass,West,0,10,1.67,4.02,5.69,4,30,,56 kg/ha,1672.38,,,,,
3,Switchgrass,West,10,30,1.46,,1.46,<1,60,,56 kg/ha,429.12,,,,,
3,Switchgrass,West,30,50,0.68,,0.68,<1,60,,56 kg/ha,199.86,,,,,
3,Switchgrass,West,50,100,0.61,,0.61,<1,105,,56 kg/ha,179.29,,,,,
3,Switchgrass,West,100,+,0.2,,0.2,5,39.5,,56 kg/ha,58.78,,,,,
4,Switchgrass,North,0,10,1.79,2.98,4.77,10,30,,56 kg/ha,1401.97,,,,,
4,Switchgrass,North,10,30,1.02,,1.02,5,60,,56 kg/ha,299.79,,,,,
4,Switchgrass,North,30,50,0.67,,0.67,<1,60,,56 kg/ha,196.92,,,,,
4,Switchgrass,North,50,100,0.78,,0.78,1,150,,56 kg/ha,229.25,,,,,
4,Switchgrass,North,100,+,0.32,,0.32,5,107.5,,56 kg/ha,94.05,,,,,
4,Switchgrass,South,0,10,1.13,1.83,2.96,<1,30,,56 kg/ha,869.99,,,,,
4,Switchgrass,South,10,30,1.01,,1.01,5,60,,56 kg/ha,296.85,,,,,
4,Switchgrass,South,30,50,0.64,,0.64,<1,60,,56 kg/ha,188.11,,,,,
4,Switchgrass,South,50,100,0.88,,0.88,1,150,,56 kg/ha,258.65,,,,,
4,Switchgrass,South,100,+,0.4,,0.4,<1,112.5,,56 kg/ha,117.57,,,,,
4,Switchgrass,East,0,10,3,3.38,6.38,4,30,,56 kg/ha,1875.18,,,,,
4,Switchgrass,East,10,30,1,,1,<1,60,,56 kg/ha,293.91,,,,,
4,Switchgrass,East,30,50,0.57,,0.57,5,60,,56 kg/ha,167.53,,,,,
4,Switchgrass,East,50,100,1.28,,1.28,<1,146,,56 kg/ha,376.21,,,,,
4,Switchgrass,East,100,+,0.07,,0.07,<1,17.5,,56 kg/ha,20.57,,,,,
4,Switchgrass,West,0,10,2.32,3.02,5.34,5,30,,56 kg/ha,1569.51,,,,,
4,Switchgrass,West,10,30,1.09,,1.09,1,60,,56 kg/ha,320.37,,,,,
4,Switchgrass,West,30,50,0.55,,0.55,1,60,,56 kg/ha,161.65,,,,,
4,Switchgrass,West,50,100,0.59,,0.59,1,150,,56 kg/ha,173.41,,,,,
4,Switchgrass,West,100,+,0.69,,0.69,<1,110.5,,56 kg/ha,202.80,,,,,
0,Prairie,North 1,0,10,3.11,,3.11,10,30,,None,914.08,,,,,
0,Prairie,North,10,30,0.73,,0.73,15,60,,None,214.56,,,,,
0,Prairie,North,30,50,0.5,,0.5,8,60,,None,146.96,,,,,
0,Prairie,North,50,100,0.38,,0.38,20,150,,None,111.69,,,,,
0,Prairie,North,100,+,0.09,,0.09,<1,110,,None,26.45,,,,,
0,Prairie,North 2,0,10,1.89,,1.89,15,30,,None,555.50,,,,,
0,Prairie,North 2,10,30,0.49,,0.49,10,60,,None,144.02,,,,,
0,Prairie,North 2,30,50,0.16,,0.16,<1,60,,None,47.03,,,,,
0,Prairie,North 2,50,100,0.3,,0.3,,138,,None,88.17,,,,,
0,Prairie,North 2,100,+,0.01,,0.01,<1,57,,None,2.94,,,,,
0,Prairie,South 1,0,10,8.04,,8.04,20,30,,None,2363.08,,,,,
0,Prairie,South 1,10,30,1.49,,1.49,15,60,,None,437.93,,,,,
0,Prairie,South 1,30,50,0.39,,0.39,5,60,,None,114.63,,,,,
0,Prairie,South 1,50,100,0.72,,0.72,4,150,,None,211.62,,,,,
0,Prairie,South 1,100,+,0.55,,0.55,15,101.5,,None,161.65,,,,,
0,Prairie,South 2,0,10,1.34,,1.34,10,30,,None,393.85,,,,,
0,Prairie,South 2,10,30,2.47,,2.47,10,60,,None,725.97,,,,,
0,Prairie,South 2,30,50,0.67,,0.67,5,60,,None,196.92,,,,,
0,Prairie,South 2,50,100,0.32,,0.32,25,130,,None,94.05,,,,,
0,Prairie,South 2,100,+,0.03,,0.03,<1,68.5,,None,8.82,,,,,
0,Prairie,East 1,0,10,2.1,,2.1,15,30,,None,617.22,,,,,
0,Prairie,East 1,10,30,1.58,,1.58,5,60,,None,464.39,,,,,
0,Prairie,East 1,30,50,0.76,,0.76,10,60,,None,223.38,,,,,
0,Prairie,East 1,50,100,1.03,,1.03,7,150,,None,302.73,,,,,
0,Prairie,East 1,100,+,0.18,,0.18,4,91.5,,None,52.90,,,,,
0,Prairie,East 2,10,30,1.57,,1.57,4,60,,None,461.45,,,,,
0,Prairie,East 2,0,10,4.51,,4.51,10,30,,None,1325.56,,,,,
0,Prairie,East 2,30,50,0.4,,0.4,3,60,,None,117.57,,,,,
0,Prairie,East 2,50,100,0.74,,0.74,10,150,,None,217.50,,,,,
0,Prairie,East 2,100,+,0.07,,0.07,75,128,,None,20.57,,,,,
0,Prairie,West 1,0,10,2.74,,2.74,15,20,Only 2 Cores Taken,None,1207.99,,,,,
0,Prairie,West 1,10,30,0.91,,0.91,5,40,Only 2 Cores Taken,None,401.19,,,,,
0,Prairie,West 1,30,50,0.55,,0.55,2,40,Only 2 Cores Taken,None,242.48,,,,,
0,Prairie,West 1,50,100,0.74,,0.74,4,100,Only 2 Cores Taken,None,326.25,,,,,
0,Prairie,West 1,100,+,0.08,,0.08,3,38.5,Only 2 Cores Taken,None,35.27,,,,,
0,Prairie,West 2,0,10,2.77,,2.77,5,30,,None,814.14,,,,,
0,Prairie,West 2,10,30,1.17,,1.17,8,60,,None,343.88,,,,,
0,Prairie,West 2,30,50,0.43,,0.43,1,60,,None,126.38,,,,,
0,Prairie,West 2,50,100,0.26,,0.26,<1,129.5,,None,76.42,,,,,
0,Prairie,West 2,100,+,0.04,,0.04,1,20,,None,11.76,,,,,
1,Prairie,North,0,10,1.12,,1.12,7,30,,None,329.18,,,,,
1,Prairie,North,10,30,1.86,,1.86,15,60,,None,546.68,,,,,
1,Prairie,North,30,50,0.54,,0.54,5,60,,None,158.71,,,,,
1,Prairie,North,50,100,0.5,,0.5,1,150,,None,146.96,,,,,
1,Prairie,North,100,+,0.06,,0.06,2,56.5,,None,17.63,,,,,
1,Prairie,South,0,10,3.92,,3.92,10,30,,None,1152.15,,,,,
1,Prairie,South,10,30,1.14,,1.14,5,60,,None,335.06,,,,,
1,Prairie,South,30,50,0.45,,0.45,3,60,,None,132.26,,,,,
1,Prairie,South,50,100,0.3,,0.3,1,150,,None,88.17,,,,,
1,Prairie,South,100,+,0.05,,0.05,<1,19.5,,None,14.70,,,,,
1,Prairie,East,0,10,3.75,,3.75,5,30,,None,1102.18,,,,,
1,Prairie,East,10,30,0.93,,0.93,10,60,,None,273.34,,,,,
1,Prairie,East,30,50,0.74,,0.74,4,60,,None,217.50,,,,,
1,Prairie,East,50,100,0.54,,0.54,2,130,,None,158.71,,,,,
1,Prairie,East,100,+,0,,0,0,0,No core below 1 meter,None,NA,,,,,
1,Prairie,West,0,10,3.5,,3.5,8,30,,None,1028.70,,,,,
1,Prairie,West,10,30,1.55,,1.55,10,60,,None,455.57,,,,,
1,Prairie,West,30,50,0.43,,0.43,2,60,,None,126.38,,,,,
1,Prairie,West,50,100,0.54,,0.54,10,150,,None,158.71,,,,,
1,Prairie,West,100,+,0.12,,0.12,<1,106.5,,None,35.27,,,,,
2,Prairie,North,0,10,2.35,,2.35,10,30,,None,690.70,,,,,
2,Prairie,North,10,30,1.29,,1.29,15,60,,None,379.15,,,,,
2,Prairie,North,30,50,0.57,,0.57,1,60,,None,167.53,,,,,
2,Prairie,North,50,100,0.38,,0.38,<1,140,,None,111.69,,,,,
2,Prairie,North,100,+,0.1,,0.1,<1,63,,None,29.39,,,,,
2,Prairie,South,0,10,9.72,,9.72,15,30,,None,2856.85,,,,,
2,Prairie,South,10,30,0.76,,0.76,10,60,,None,223.38,,,,,
2,Prairie,South,30,50,0.82,,0.82,1,60,,None,241.01,,,,,
2,Prairie,South,50,100,1.1,,1.1,5,150,,None,323.31,,,,,
2,Prairie,South,100,+,0.3,,0.3,5,112,,None,88.17,,,,,
2,Prairie,East,0,10,1.76,,1.76,20,30,,None,517.29,,,,,
2,Prairie,East,10,30,0.94,,0.94,9,60,,None,276.28,,,,,
2,Prairie,East,30,50,0.34,,0.34,10,60,,None,99.93,,,,,
2,Prairie,East,50,100,0.39,,0.39,25,150,,None,114.63,,,,,
2,Prairie,East,100,+,0.08,,0.08,20,69,,None,23.51,,,,,
2,Prairie,West,0,10,4.37,,4.37,8,30,,None,1284.41,,,,,
2,Prairie,West,10,30,0.76,,0.76,33,60,,None,223.38,,,,,
2,Prairie,West,30,50,0.48,,0.48,4,60,,None,141.08,,,,,
2,Prairie,West,50,100,0.49,,0.49,5,147.5,,None,144.02,,,,,
2,Prairie,West,100,+,0.06,,0.06,<1,58.5,,None,17.63,,,,,
3,Prairie,North,0,10,2.89,,2.89,10,30,,None,849.41,,,,,
3,Prairie,North,10,30,1.04,,1.04,5,60,,None,305.67,,,,,
3,Prairie,North,30,50,0.76,,0.76,9,60,,None,223.38,,,,,
3,Prairie,North,50,100,0.86,,0.86,10,146,,None,252.77,,,,,
3,Prairie,North,100,+,0.18,,0.18,20,72.5,,None,52.90,,,,,
3,Prairie,South,0,10,3.69,,3.69,15,30,,None,1084.55,,,,,
3,Prairie,South,10,30,1.1,,1.1,10,60,,None,323.31,,,,,
3,Prairie,South,30,50,0.34,,0.34,10,60,,None,99.93,,,,,
3,Prairie,South,50,100,0.76,,0.76,7,150,,None,223.38,,,,,
3,Prairie,South,100,+,0.04,,0.04,1,89.5,,None,11.76,,,,,
3,Prairie,East,0,10,2.01,,2.01,33,30,,None,590.77,,,,,
3,Prairie,East,10,30,0.84,,0.84,20,60,,None,246.89,,,,,
3,Prairie,East,30,50,0.29,,0.29,10,60,,None,85.24,,,,,
3,Prairie,East,50,100,0.74,,0.74,25,144,,None,217.50,,,,,
3,Prairie,East,100,+,0.05,,0.05,<1,38,,None,14.70,,,,,
3,Prairie,West,0,10,4.74,,4.74,10,30,,None,1393.16,,,,,
3,Prairie,West,10,30,1.15,,1.15,7,60,,None,338.00,,,,,
3,Prairie,West,30,50,0.33,,0.33,20,60,,None,96.99,,,,,
3,Prairie,West,50,100,0.43,,0.43,10,139.5,,None,126.38,,,,,
3,Prairie,West,100,+,0.03,,0.03,<1,33,,None,8.82,,,,,
4,Prairie,North,0,10,4.24,,4.24,15,30,,None,1246.20,,,,,
4,Prairie,North,10,30,1.26,,1.26,10,60,,None,370.33,,,,,
4,Prairie,North,30,50,0.54,,0.54,10,60,,None,158.71,,,,,
4,Prairie,North,50,100,0.66,,0.66,5,150,,None,193.98,,,,,
4,Prairie,North,100,+,0.15,,0.15,20,83.5,,None,44.09,,,,,
4,Prairie,South,0,10,3.58,,3.58,15,30,,None,1052.22,,,,,
4,Prairie,South,10,30,7.16,,7.16,5,60,,None,2104.43,,,,,
4,Prairie,South,30,50,0.3,,0.3,20,60,,None,88.17,,,,,
4,Prairie,South,50,100,0.43,,0.43,10,150,,None,126.38,,,,,
4,Prairie,South,100,+,0.07,,0.07,<1,55.5,,None,20.57,,,,,
4,Prairie,East,0,10,2.07,,2.07,10,30,,None,608.40,,,,,
4,Prairie,East,10,30,0.97,,0.97,3,60,,None,285.10,,,,,
4,Prairie,East,30,50,0.37,,0.37,10,60,,None,108.75,,,,,
4,Prairie,East,50,100,0.53,,0.53,10,122,,None,155.77,,,,,
4,Prairie,East,100,+,0.04,,0.04,<1,28.5,,None,11.76,,,,,
4,Prairie,West,0,10,12.11,,12.11,10,30,,None,3559.31,,,,,
4,Prairie,West,10,30,1.37,,1.37,50,60,,None,402.66,,,,,
4,Prairie,West,30,50,0.67,,0.67,5,60,,None,196.92,,,,,
4,Prairie,West,50,100,0.8,,0.8,10,150,,None,235.13,,,,,
4,Prairie,West,100,+,0.32,,0.32,2,120,,None,94.05,,,,,
